<?xml version="1.0" encoding="UTF-8" standalone="yes"?>
<addon id="repository.daz" name="Daz Repository" version="1.0" provider-name="Daz">
	<extension point="xbmc.addon.repository" name="Daz Repository">
		<info compressed="false">https://raw.githubusercontent.com/Daz-Wizard/addons/master/addons.xml</info>
		<checksum>https://raw.githubusercontent.com/Daz-Wizard/addons/master/addons.xml.md5</checksum>
		<datadir zip="true">https://github.com/Daz-Wizard/addons/raw/master/</datadir>
	</extension>
	<extension point="xbmc.addon.metadata">
		<summary>Daz Wizard Repository</summary>
		<description>Daz Wizard Repository</description>
		<platform>all</platform>
	</extension>
</addon>
